Metric,Linus,Greg
Average Word Count,279,524
Average Sentence Count,10.011462450592886,9.087486696062035
Average Lexical Diversity,0.698158768403434,0.6570449816770025
Average Flesch Reading Ease Score,55.24783414926459,-0.10838371346962765
Average Grade Level,14.117873700092524,29.143605082191538
